,Year,Year,Year,Year,Year,Year,Year,Year,Health_Expenditure,Health_Expenditure,Health_Expenditure,Health_Expenditure,Health_Expenditure,Health_Expenditure,Health_Expenditure,Health_Expenditure,Dependency_Ratio,Dependency_Ratio,Dependency_Ratio,Dependency_Ratio,Dependency_Ratio,Dependency_Ratio,Dependency_Ratio,Dependency_Ratio
,count,mean,std,min,25%,50%,75%,max,count,mean,std,min,25%,50%,75%,max,count,mean,std,min,25%,50%,75%,max
ISO3,,,,,,,,,,,,,,,,,,,,,,,,
CHN,21.0,2010.0,6.2048368229954285,2000.0,2005.0,2010.0,2015.0,2020.0,21.0,4.55386358095238,0.49341702842607926,3.67491412,4.25330067,4.41762781,4.93827963,5.59359741,21.0,40.39282789360104,2.836715604185291,37.2410832935716,37.7155563230657,39.6093613191235,42.5408726929072,46.1167405203608
GBR,21.0,2010.0,6.2048368229954285,2000.0,2005.0,2010.0,2015.0,2020.0,21.0,9.224128881428571,1.1034870383551965,7.15692902,8.39430904,9.73837566,9.84771252,11.96547699,21.0,53.645344723112345,2.196169055259791,51.156186206586,51.8275715627106,52.8823327842176,55.4015607117461,57.6593785251194
JPN,21.0,2010.0,6.2048368229954285,2000.0,2005.0,2010.0,2015.0,2020.0,21.0,9.210958298571427,1.5838971732776015,7.03456163,7.65818596,9.0630064,10.67438698,11.20903683,21.0,58.45698912050756,7.949290734486562,46.6755835541567,51.5938532384092,57.4033595360909,66.0229941997136,69.8915691054857
USA,21.0,2010.0,6.2048368229954285,2000.0,2005.0,2010.0,2015.0,2020.0,21.0,15.575131507619052,1.4263417789053943,12.49002552,14.57945919,16.11974716,16.48159981,18.8132534,21.0,49.5262598425427,1.4826973966120587,47.7735820707482,48.2461171671874,49.2523674393258,50.3802794150685,52.5896813726484
